Time,T1,T2,T3,T4
10,21.175331,19.999956,19.999956,19.705917
20,26.235483,19.999956,19.999935,18.440657
30,31.885841,19.999956,19.999847,17.027859
40,36.836563,20.000654,19.999447,15.789989
50,41.001442,20.00566,19.997963,14.74859
60,44.507156,20.022099,19.993626,13.871991
70,47.48854,20.059086,19.984135,13.126482
80,50.054688,20.125145,19.967384,12.484797
90,52.289074,20.22651,19.94184,11.926047
100,54.255013,20.366592,19.906647,11.434426
110,56.00085,20.546339,19.861649,10.997845
120,57.56392,20.76477,19.80722,10.606951
130,58.973503,21.019552,19.744095,10.254435
140,60.252823,21.307547,19.673279,9.934486
150,61.42054,21.625252,19.595928,9.642444
160,62.49183,21.969006,19.51325,9.374511
170,63.479168,22.335217,19.426504,9.127574
180,64.39285,22.720476,19.336878,8.899055
190,65.241585,23.12158,19.24552,8.6867895
200,66.03266,23.535645,19.1535,8.488953
210,66.7723,23.960068,19.061792,8.3040085
220,67.46578,24.392466,18.971268,8.130643
230,68.117676,24.83083,18.882698,7.9677167
240,68.73197,25.273314,18.796776,7.814263
250,69.31214,25.718325,18.714077,7.6694274
260,69.86124,26.164455,18.635105,7.532481
270,70.38186,26.610561,18.560278,7.402787
280,70.87638,27.05558,18.489935,7.2797847
290,71.34689,27.498594,18.424337,7.162992
300,71.79525,27.938871,18.363728,7.0519686
310,72.22313,28.375784,18.30823,6.9463406
320,72.631996,28.808762,18.257982,6.8457747
330,73.02322,29.23736,18.213037,6.74997
340,73.39797,29.661226,18.173433,6.658668
350,73.75739,30.080023,18.13917,6.571628
360,74.10244,30.493492,18.110214,6.488646
370,74.43401,30.901455,18.086517,6.409533
380,74.75295,31.303755,18.068016,6.334113
390,75.060036,31.700277,18.054611,6.262237
400,75.35592,32.090935,18.04621,6.1937637
410,75.64121,32.475643,18.042686,6.128566
420,75.91653,32.85443,18.043932,6.066523
430,76.182396,33.227253,18.049824,6.007527
440,76.43933,33.59413,18.060217,5.9514804
450,76.68778,33.955086,18.074976,5.8982887
460,76.92817,34.310165,18.093962,5.8478594
470,77.16092,34.65941,18.117027,5.8001103
480,77.38636,35.00286,18.14404,5.754964
490,77.60487,35.340607,18.174847,5.712338
500,77.81676,35.672737,18.20931,5.6721697
510,78.022316,35.99931,18.24729,5.634383
520,78.22184,36.320427,18.28865,5.5989137
530,78.41558,36.63618,18.333244,5.5656953
540,78.60377,36.94666,18.380943,5.5346637
550,78.78667,37.251915,18.431625,5.505759
560,78.96452,37.552086,18.485144,5.478924
570,79.137535,37.847263,18.541395,5.454102
580,79.30587,38.137524,18.600246,5.4312296
590,79.4697,38.422974,18.661577,5.410253
600,79.629234,38.703716,18.725266,5.3911185
610,79.78466,38.97984,18.791208,5.373773
620,79.93603,39.25145,18.859303,5.3581657
630,80.08363,39.518627,18.929424,5.3442397
640,80.227516,39.781456,19.001486,5.331949
650,80.36781,40.040077,19.075392,5.321244
660,80.50474,40.29453,19.151043,5.312078
670,80.638374,40.544903,19.228348,5.304396
680,80.76878,40.791306,19.307224,5.298156
690,80.89611,41.03382,19.38757,5.293309
700,81.02043,41.27251,19.469309,5.2898164
710,81.141914,41.50751,19.552351,5.287631
720,81.260635,41.73885,19.636646,5.2867064
730,81.37666,41.966625,19.722097,5.2870054
740,81.49014,42.190926,19.80864,5.2884808
750,81.60111,42.41182,19.896212,5.291097
760,81.70959,42.629364,19.984732,5.294813
770,81.81578,42.843662,20.07415,5.299589
780,81.91961,43.05475,20.1644,5.3053875
790,82.021324,43.262707,20.255423,5.3121734
800,82.120895,43.46763,20.347168,5.319909
810,82.218376,43.66955,20.439564,5.328557
820,82.31384,43.868546,20.53258,5.3380857
830,82.40738,44.064667,20.626158,5.3484645
840,82.49906,44.257988,20.720224,5.3596525
850,82.58888,44.448605,20.814768,5.3716235
860,82.67693,44.63651,20.909729,5.384346
870,82.76327,44.821774,21.00506,5.3977885
880,82.84792,45.004467,21.100729,5.411922
890,82.93092,45.18467,21.19673,5.4267187
900,83.01243,45.362408,21.29292,5.4421453
910,83.09233,45.53771,21.389345,5.4581823
920,83.17078,45.710632,21.485968,5.474798
930,83.24774,45.881275,21.582737,5.4919705
940,83.32333,46.04962,21.679619,5.509678
950,83.39756,46.215748,21.776596,5.527884
960,83.47047,46.379745,21.873627,5.546573
970,83.54204,46.541534,21.970686,5.5657325
980,83.612335,46.70124,22.067745,5.585322
990,83.68147,46.85891,22.164768,5.605328
1000,83.74939,47.014553,22.26174,5.625733
1010,83.816124,47.168232,22.358644,5.6465087
1020,83.88168,47.320023,22.45544,5.667642
1030,83.94622,47.469917,22.552126,5.6891136
1040,84.009674,47.61789,22.648663,5.7109046
1050,84.07204,47.764027,22.74504,5.732996
1060,84.1334,47.90838,22.841242,5.755375
1070,84.193756,48.050995,22.937265,5.7780175
1080,84.25315,48.191875,23.033052,5.800913
1090,84.311615,48.331047,23.128597,5.824044
1100,84.36915,48.468582,23.223892,5.8473954
1110,84.42578,48.604523,23.318926,5.8709536
1120,84.48154,48.7388,23.413677,5.894706
1130,84.53644,48.87152,23.508135,5.9186344
1140,84.59058,49.002686,23.60228,5.9427295
1150,84.64386,49.132317,23.696114,5.96698
1160,84.69628,49.26048,23.789604,5.99137
1170,84.747894,49.387173,23.88274,6.0158916
1180,84.79883,49.512417,23.975536,6.0405293
1190,84.84895,49.636242,24.067986,6.0652733
1200,84.89835,49.758724,24.160042,6.0901155
1210,84.94706,49.879833,24.251707,6.115043
1220,84.99512,49.99954,24.342981,6.140048
1230,85.04245,50.117947,24.43385,6.1651187
1240,85.089195,50.23504,24.524311,6.19025
1250,85.135254,50.35088,24.614347,6.215435
1260,85.18068,50.465427,24.703966,6.2406535
1270,85.2255,50.57875,24.793152,6.265903
1280,85.269684,50.690834,24.881908,6.2911777
1290,85.31324,50.801758,24.97021,6.3164716
1300,85.35624,50.911472,25.058054,6.3417726
1310,85.39866,51.02001,25.145456,6.367077
1320,85.44053,51.127445,25.232407,6.3923774
1330,85.48187,51.233753,25.318865,6.4176655
1340,85.5227,51.338936,25.404871,6.442946
1350,85.56297,51.443012,25.490402,6.4682007
1360,85.60271,51.546017,25.575453,6.4934273
1370,85.64195,51.647987,25.66004,6.5186195
1380,85.68067,51.748886,25.744127,6.54377
1390,85.71894,51.84876,25.827738,6.5688806
1400,85.756775,51.947617,25.910854,6.5939393
1410,85.79408,52.045456,25.993473,6.6189456
1420,85.83099,52.142334,26.075632,6.6438947
1430,85.867424,52.23824,26.157246,6.668782
1440,85.90345,52.333183,26.238388,6.693601
1450,85.93899,52.427193,26.319029,6.7183537
1460,85.974106,52.52025,26.399162,6.74303
1470,86.00882,52.6124,26.47882,6.767631
1480,86.0431,52.70365,26.557953,6.7921505
1490,86.07698,52.794,26.636593,6.8165874
1500,86.11045,52.88344,26.714718,6.8409376
1510,86.14356,52.972027,26.792366,6.8651967
1520,86.17628,53.05977,26.869484,6.8893604
1530,86.20863,53.14666,26.946108,6.9134264
1540,86.24068,53.232697,27.022226,6.9374046
1550,86.27239,53.317917,27.097834,6.9612827
1560,86.30375,53.40233,27.17295,6.9850535
1570,86.33473,53.485912,27.247555,7.0087237
1580,86.36537,53.56871,27.321651,7.0322866
1590,86.395645,53.650776,27.395258,7.0557394
1600,86.42559,53.73201,27.468359,7.0790787
1610,86.45523,53.81249,27.54094,7.1023083
1620,86.484535,53.892235,27.613056,7.1254253
1630,86.51348,53.97123,27.684647,7.148425
1640,86.54212,54.049458,27.755737,7.1713114
1650,86.570465,54.12699,27.82632,7.1940756
1660,86.59852,54.2038,27.896437,7.216721
1670,86.62628,54.279892,27.96605,7.2392497
1680,86.65371,54.35529,28.035172,7.2616515
1690,86.68107,54.42998,28.103785,7.2839365
1700,86.70796,54.504,28.171944,7.3060923
1710,86.73458,54.57733,28.239592,7.3281245
1720,86.76093,54.649986,28.306759,7.3500295
1730,86.787,54.721985,28.373451,7.371812
1740,86.8128,54.793335,28.439644,7.3934655
1750,86.838394,54.86403,28.505354,7.4149914
1760,86.86371,54.934086,28.570595,7.436389
1770,86.88873,55.003517,28.635353,7.457661
1780,86.91343,55.072296,28.699638,7.478799
1790,86.938,55.140503,28.763453,7.499813
1800,86.96213,55.20803,28.826807,7.520697
1810,86.98615,55.275013,28.889675,7.5414505
1820,87.01008,55.341362,28.952074,7.562062
1830,87.03376,55.407154,29.014011,7.5825615
1840,87.05713,55.47233,29.07551,7.6029253
1850,87.08032,55.536934,29.136532,7.6231565
1860,87.103264,55.600964,29.197083,7.6432557
1870,87.12595,55.664425,29.257214,7.6632257
1880,87.148476,55.727345,29.316872,7.683063
1890,87.170715,55.78969,29.376076,7.702769
1900,87.19275,55.851505,29.434849,7.722341
1910,87.21456,55.912754,29.49316,7.7417884
1920,87.23615,55.97347,29.55104,7.7611027
1930,87.25759,56.03365,29.608486,7.7802863
1940,87.27881,56.09331,29.665468,7.799342
1950,87.29981,56.15245,29.72203,7.818257
1960,87.32062,56.211056,29.778166,7.8370547
1970,87.3412,56.269184,29.83386,7.8557158
1980,87.36161,56.326782,29.889128,7.874246
1990,87.38183,56.383907,29.943953,7.8926473
2000,87.401855,56.4405,29.99839,7.910922
2010,87.421715,56.496582,30.05238,7.9290667
2020,87.44136,56.55225,30.105963,7.9470854
2030,87.46083,56.607372,30.159132,7.964977
2040,87.48011,56.662064,30.21187,7.9827385
2050,87.49929,56.716255,30.264217,8.000378
2060,87.51825,56.77,30.316164,8.017887
2070,87.537094,56.82324,30.367699,8.035267
2080,87.555725,56.876087,30.41883,8.052525
2090,87.5742,56.928448,30.469566,8.069658
2100,87.5925,56.98037,30.519901,8.086668
2110,87.61063,57.031837,30.569847,8.10355
2120,87.62853,57.082874,30.619402,8.120307
2130,87.64633,57.133453,30.668577,8.136943
2140,87.664,57.183613,30.717352,8.153458
2150,87.68146,57.23336,30.765734,8.1698475
2160,87.6988,57.28267,30.813778,8.186119
2170,87.71596,57.33156,30.861387,8.202269
2180,87.73295,57.380024,30.90866,8.218294
2190,87.74978,57.42811,30.95555,8.234205
2200,87.766426,57.475735,31.002075,8.249999
2210,87.78297,57.522984,31.048214,8.265673
2220,87.79935,57.56983,31.09401,8.281224
2230,87.81559,57.616287,31.13943,8.296661
2240,87.83175,57.662334,31.184496,8.311985
2250,87.84774,57.708008,31.229193,8.3271885
2260,87.86361,57.753273,31.273531,8.34228
2270,87.87935,57.798164,31.317526,8.35725
2280,87.89491,57.842667,31.36116,8.372114
2290,87.91039,57.886803,31.404455,8.386865
2300,87.92569,57.930573,31.447407,8.401499
2310,87.94088,57.973965,31.490019,8.41602
2320,87.955925,58.017017,31.532286,8.430431
2330,87.97085,58.059692,31.574219,8.444731
2340,87.985634,58.102016,31.615818,8.458927
2350,88.000275,58.143963,31.657091,8.473006
2360,88.01476,58.185593,31.698029,8.486974
2370,88.02912,58.226795,31.738628,8.500842
2380,88.04337,58.26773,31.778923,8.514589
2390,88.05751,58.3083,31.818876,8.52825
2400,88.07155,58.348534,31.858507,8.541794
2410,88.08546,58.38844,31.89783,8.555227
2420,88.09922,58.428013,31.936829,8.56856
2430,88.112854,58.467236,31.975521,8.581793
2440,88.1264,58.506126,32.013905,8.594919
2450,88.13979,58.544697,32.051975,8.607944
2460,88.15307,58.582928,32.08974,8.620866
2470,88.166275,58.620842,32.127205,8.633685
2480,88.17933,58.65846,32.164356,8.64641
2490,88.19229,58.69575,32.20122,8.659028
2500,88.205154,58.732735,32.23779,8.671553
2510,88.21794,58.76943,32.27406,8.683975
2520,88.230606,58.8058,32.31003,8.696298
2530,88.243164,58.84186,32.345726,8.708527
2540,88.25562,58.877625,32.381138,8.720656
2550,88.26794,58.913105,32.41625,8.732674
2560,88.280136,58.948277,32.451088,8.744616
2570,88.29226,58.98317,32.485622,8.756468
2580,88.30428,59.017773,32.51991,8.76822
2590,88.3162,59.05204,32.553886,8.7798815
2600,88.32801,59.08607,32.58761,8.791448
2610,88.33974,59.119804,32.621056,8.802919
2620,88.35137,59.153244,32.654232,8.8143015
2630,88.36287,59.186436,32.687126,8.825594
2640,88.374275,59.219334,32.71975,8.836799
2650,88.385574,59.251957,32.75212,8.847908
2660,88.396774,59.28432,32.784233,8.85894
2670,88.40792,59.3164,32.816074,8.869872
2680,88.4189,59.348225,32.847668,8.88072
2690,88.42983,59.379765,32.878994,8.891482
2700,88.44072,59.411064,32.91007,8.902159
2710,88.45145,59.442093,32.9409,8.912751
2720,88.4622,59.472874,32.97147,8.92325
2730,88.47281,59.503407,33.001797,8.933677
2740,88.483315,59.533688,33.03189,8.944011
2750,88.49374,59.563705,33.061726,8.954265
2760,88.504036,59.593494,33.091316,8.964438
2770,88.514244,59.622997,33.120678,8.974532
2780,88.52439,59.65228,33.14978,8.984539
2790,88.53445,59.681347,33.178673,8.994475
2800,88.54437,59.710133,33.207317,9.004324
2810,88.55429,59.738686,33.23572,9.014092
2820,88.56407,59.767014,33.263897,9.023779
2830,88.57378,59.795116,33.29185,9.033393
2840,88.58343,59.823017,33.31959,9.042924
2850,88.593025,59.85065,33.347042,9.052385
2860,88.602516,59.878067,33.374363,9.061771
2870,88.611984,59.905308,33.401398,9.071078
2880,88.62132,59.932194,33.428246,9.080309
2890,88.63057,59.958946,33.45485,9.089461
2900,88.639786,59.985443,33.48124,9.098533
2910,88.648865,60.011753,33.507412,9.10754
2920,88.65792,60.03781,33.53337,9.116482
2930,88.66686,60.06372,33.55912,9.125347
2940,88.675766,60.08936,33.584675,9.134144
2950,88.684555,60.114784,33.610004,9.142867
2960,88.69328,60.14001,33.635117,9.15152
2970,88.70196,60.16501,33.66004,9.160104
2980,88.710495,60.189808,33.684734,9.168613
2990,88.71899,60.214417,33.709263,9.177058
3000,88.727394,60.238823,33.733578,9.1854315
3010,88.735756,60.263035,33.757713,9.193742
3020,88.74406,60.287045,33.781643,9.201978
3030,88.752266,60.31086,33.805397,9.210149
3040,88.76045,60.334457,33.828934,9.218258
3050,88.76855,60.357887,33.852287,9.226301
3060,88.77657,60.381126,33.875446,9.23427
3070,88.78455,60.404163,33.898426,9.242185
3080,88.792496,60.427,33.921204,9.25003
3090,88.800354,60.44964,33.943806,9.257814
3100,88.80812,60.472084,33.96622,9.265534
3110,88.81582,60.49436,33.988438,9.2731905
3120,88.82347,60.51644,34.010494,9.280786
3130,88.831055,60.538364,34.032356,9.288321
3140,88.838585,60.560097,34.054035,9.295791
3150,88.84604,60.58165,34.07554,9.303203
3160,88.8534,60.603024,34.096878,9.31055
3170,88.86073,60.62423,34.118042,9.317836
3180,88.868004,60.645237,34.13905,9.325067
3190,88.87521,60.666103,34.159847,9.332235
3200,88.88235,60.686794,34.18047,9.339353
3210,88.889435,60.7073,34.20096,9.34641
3220,88.896454,60.72764,34.221287,9.353406
3230,88.90338,60.747814,34.241436,9.360349
3240,88.91031,60.767838,34.26139,9.367236
3250,88.917145,60.78767,34.28119,9.374065
3260,88.92399,60.807373,34.300846,9.380841
3270,88.93072,60.82688,34.32032,9.387555
3280,88.93741,60.846245,34.33965,9.394215
3290,88.944016,60.86545,34.358814,9.400825
3300,88.95059,60.884495,34.37782,9.407382
3310,88.95712,60.90337,34.396667,9.413885
3320,88.963585,60.9221,34.415375,9.420334
3330,88.97002,60.94066,34.433903,9.426733
3340,88.97639,60.95908,34.452305,9.43308
3350,88.982735,60.977367,34.470554,9.439371
3360,88.98897,60.995487,34.48864,9.445607
3370,88.99516,61.013447,34.50658,9.451795
3380,89.001305,61.031284,34.52439,9.4579315
3390,89.0074,61.048973,34.542034,9.464022
3400,89.01342,61.06651,34.559547,9.470055
3410,89.01939,61.08389,34.57691,9.476045
3420,89.02535,61.101135,34.594147,9.481996
3430,89.03124,61.118237,34.61123,9.48789
3440,89.03712,61.135193,34.628178,9.493734
3450,89.04295,61.152,34.644985,9.499535
3460,89.048706,61.168686,34.661655,9.5052805
3470,89.05441,61.18523,34.67818,9.5109825
3480,89.06006,61.20163,34.69459,9.516642
3490,89.06568,61.217922,34.71085,9.522247
3500,89.07123,61.234074,34.726974,9.527812
3510,89.076744,61.250095,34.74299,9.533332
3520,89.08222,61.265972,34.758854,9.538806
3530,89.08767,61.281708,34.774593,9.544231
3540,89.09307,61.297344,34.79019,9.549616
3550,89.09842,61.312828,34.805664,9.554959
3560,89.10376,61.328197,34.821014,9.560259
3570,89.109024,61.343422,34.836254,9.56551
3580,89.11424,61.358524,34.85135,9.570718
3590,89.11943,61.3735,34.866325,9.575883
3600,89.12456,61.38837,34.881184,9.581013
3610,89.12962,61.40313,34.895916,9.586097
3620,89.134674,61.41777,34.910534,9.591137
3630,89.13969,61.43231,34.925034,9.59614
3640,89.144615,61.446655,34.939396,9.601095
3650,89.14957,61.46095,34.95366,9.606012
3660,89.154434,61.475166,34.96779,9.610881
3670,89.159256,61.489185,34.98181,9.615718
3680,89.16408,61.503136,34.995735,9.620519
3690,89.168846,61.516953,35.009552,9.625277
3700,89.17358,61.530643,35.023247,9.629992
3710,89.17823,61.544296,35.036827,9.634676
3720,89.1829,61.557728,35.050255,9.63932
3730,89.18753,61.5711,35.06362,9.643927
3740,89.192116,61.58432,35.07686,9.64849
3750,89.19666,61.59743,35.089985,9.653016
3760,89.201164,61.610477,35.103016,9.657505
3770,89.20565,61.623363,35.11594,9.661963
3780,89.21008,61.636143,35.12873,9.666389
3790,89.21453,61.64884,35.14141,9.670777
3800,89.21887,61.661434,35.15397,9.675124
3810,89.2232,61.67392,35.166443,9.679435
3820,89.22749,61.686306,35.178818,9.683712
3830,89.231705,61.69863,35.19109,9.687953
3840,89.23591,61.71084,35.20327,9.692159
3850,89.240105,61.722977,35.21537,9.696326
3860,89.24423,61.734993,35.227386,9.700463
3870,89.24832,61.746925,35.23932,9.704565
3880,89.2524,61.758755,35.25115,9.708635
3890,89.25646,61.77049,35.262875,9.712674
3900,89.26045,61.782124,35.27451,9.716683
3910,89.26443,61.79365,35.28604,9.720654
3920,89.26838,61.805077,35.29748,9.724597
3930,89.27229,61.81641,35.30883,9.728505
3940,89.27618,61.82764,35.320076,9.732377
3950,89.28002,61.8388,35.331207,9.736214
3960,89.283844,61.849857,35.342266,9.740025
3970,89.28761,61.860825,35.353233,9.743803
3980,89.29137,61.871685,35.364105,9.747556
3990,89.2951,61.882458,35.374886,9.751276
4000,89.29884,61.893135,35.385567,9.754968
4010,89.30246,61.903744,35.396183,9.758624
4020,89.30612,61.91426,35.406696,9.762254
4030,89.309715,61.924686,35.41713,9.765853
4040,89.31331,61.935017,35.42746,9.7694235
4050,89.31686,61.945282,35.437748,9.772965
4060,89.32036,61.955452,35.447914,9.776474
4070,89.32385,61.965534,35.45801,9.779959
4080,89.32733,61.975525,35.46803,9.783413
4090,89.330765,61.985462,35.47796,9.7868395
4100,89.33418,61.9953,35.4878,9.790245
4110,89.33755,62.005043,35.497574,9.793608
4120,89.34088,62.014732,35.507263,9.796951
4130,89.34419,62.024338,35.516857,9.800271
4140,89.34746,62.033855,35.52639,9.803558
4150,89.350716,62.043278,35.535835,9.806819
4160,89.35396,62.052654,35.545204,9.810052
4170,89.35719,62.061954,35.554497,9.813263
4180,89.360374,62.071148,35.563713,9.816447
4190,89.36351,62.080273,35.57284,9.819608
4200,89.36659,62.089336,35.581913,9.822734
4210,89.3697,62.098328,35.59089,9.825833
4220,89.37276,62.10725,35.59981,9.828911
4230,89.37582,62.116085,35.608654,9.831957
4240,89.37884,62.124863,35.617416,9.834983
4250,89.38184,62.133545,35.626106,9.837985
4260,89.384796,62.142162,35.634735,9.840974
4270,89.38774,62.150703,35.6433,9.843937
4280,89.39072,62.1592,35.651794,9.846873
4290,89.3936,62.1676,35.66021,9.849783
4300,89.39649,62.175945,35.668552,9.852668
4310,89.39932,62.18423,35.67685,9.855529
4320,89.40215,62.192444,35.68507,9.858363
4330,89.40492,62.20057,35.69322,9.861174
4340,89.407684,62.20864,35.7013,9.86396
4350,89.41044,62.21666,35.70932,9.866725
4360,89.413185,62.224586,35.71728,9.869468
4370,89.41595,62.23245,35.725166,9.872181
4380,89.41858,62.240253,35.732986,9.874869
4390,89.421234,62.247993,35.740738,9.877545
4400,89.42391,62.255657,35.748432,9.880216
4410,89.426506,62.26328,35.75606,9.882856
4420,89.42914,62.27083,35.763626,9.885473
4430,89.43166,62.27833,35.771126,9.888063
4440,89.43422,62.28577,35.778557,9.890629
4450,89.43676,62.293125,35.785927,9.893178
4460,89.4393,62.300457,35.793232,9.895703
4470,89.44177,62.307705,35.80049,9.898207
4480,89.444214,62.314903,35.807663,9.900689
4490,89.446686,62.322033,35.81479,9.903148
4500,89.44905,62.32915,35.82188,9.905582
4510,89.45147,62.336174,35.828907,9.908006
4520,89.45386,62.343143,35.83587,9.910407
4530,89.45626,62.350063,35.84278,9.912792
4540,89.45858,62.356922,35.849617,9.915157
4550,89.46093,62.363777,35.85646,9.917509
4560,89.463234,62.370502,35.8632,9.919834
4570,89.46556,62.377213,35.869904,9.922145
4580,89.46784,62.383835,35.876556,9.924431
4590,89.47014,62.390415,35.88311,9.926695
4600,89.47237,62.396935,35.88964,9.928946
4610,89.47456,62.40342,35.896076,9.931175
4620,89.47678,62.40981,35.90248,9.933388
4630,89.479004,62.41617,35.908794,9.935587
4640,89.48121,62.42245,35.915073,9.937767
4650,89.48333,62.4287,35.92129,9.939932
4660,89.48546,62.434902,35.92747,9.942079
4670,89.48754,62.44105,35.93361,9.944203
4680,89.48968,62.44717,35.93971,9.946311
4690,89.491745,62.453243,35.945755,9.948396
4700,89.49384,62.459255,35.951767,9.95046
4710,89.49593,62.465214,35.957745,9.952511
4720,89.4979,62.471138,35.963673,9.954547
4730,89.499916,62.477013,35.969536,9.956567
4740,89.50194,62.482834,35.97537,9.958575
4750,89.50393,62.488605,35.98114,9.960566
4760,89.50592,62.49432,35.986866,9.962545
4770,89.50786,62.49999,35.992546,9.964503
4780,89.509705,62.505623,35.998177,9.966445
4790,89.51163,62.51119,36.00375,9.96837
4800,89.51354,62.51674,36.00929,9.970276
4810,89.51545,62.522224,36.014782,9.972166
4820,89.51721,62.527668,36.02022,9.974047
4830,89.519104,62.53307,36.025608,9.975909
4840,89.5209,62.538406,36.030956,9.977757
4850,89.522675,62.543728,36.036255,9.9795885
4860,89.524536,62.549,36.04152,9.981404
4870,89.5263,62.55421,36.046745,9.983207
4880,89.52813,62.55938,36.05192,9.984993
4890,89.52983,62.56451,36.057053,9.986765
4900,89.53162,62.5696,36.062145,9.988523
4910,89.5333,62.574646,36.06719,9.99026
4920,89.535,62.57965,36.072197,9.991992
4930,89.5367,62.58461,36.077164,9.993707
4940,89.53832,62.589535,36.082085,9.995403
4950,89.54,62.594414,36.08697,9.997091
4960,89.54167,62.59924,36.091812,9.99876
4970,89.543304,62.604034,36.096615,10.000419
4980,89.54491,62.608788,36.10139,10.002057
4990,89.546524,62.6135,36.106102,10.003687
5000,89.54814,62.61817,36.110775,10.005304
5010,89.54979,62.622833,36.11542,10.006909
5020,89.55127,62.627445,36.12003,10.008498
5030,89.552826,62.63201,36.124588,10.0100765
5040,89.55438,62.636578,36.12912,10.011641
5050,89.55589,62.641056,36.133595,10.013192
5060,89.55742,62.645485,36.13805,10.014729
5070,89.55891,62.649883,36.142467,10.016249
5080,89.56031,62.654266,36.146854,10.017769
5090,89.56172,62.658607,36.151215,10.019271
5100,89.56329,62.662907,36.15552,10.020764
5110,89.56479,62.667156,36.159805,10.022246
5120,89.566216,62.671406,36.164043,10.023718
5130,89.56757,62.675594,36.168255,10.025177
5140,89.56904,62.679752,36.17242,10.026619
5150,89.57042,62.683895,36.17656,10.028046
5160,89.57173,62.687973,36.180668,10.029464
5170,89.573166,62.692043,36.184746,10.030869
5180,89.57455,62.696068,36.188797,10.032262
5190,89.57596,62.70008,36.19281,10.033641
5200,89.57722,62.704044,36.196793,10.035014
5210,89.57859,62.70798,36.200745,10.036374
5220,89.579956,62.711876,36.20466,10.037723
5230,89.58127,62.715748,36.20853,10.039061
5240,89.58257,62.719597,36.212383,10.040389
5250,89.58389,62.7234,36.21617,10.041705
5260,89.5851,62.727177,36.21995,10.043008
5270,89.586494,62.730923,36.22371,10.044303
5280,89.58774,62.734634,36.227413,10.045586
5290,89.589,62.73833,36.231106,10.046856
5300,89.59009,62.741985,36.23475,10.0481205
5310,89.59142,62.745636,36.238384,10.049369
5320,89.59272,62.749218,36.241978,10.050604
5330,89.593895,62.7528,36.245552,10.051837
5340,89.59506,62.756332,36.24906,10.053055
5350,89.59611,62.75987,36.252575,10.054266
5360,89.597404,62.763344,36.256077,10.0554695
5370,89.59863,62.76681,36.259556,10.056665
5380,89.59984,62.77028,36.262993,10.057848
5390,89.6009,62.773674,36.266415,10.059024
5400,89.601974,62.777046,36.269802,10.060188
5410,89.60319,62.780396,36.273148,10.061346
5420,89.604164,62.783714,36.2765,10.062493
5430,89.60541,62.786995,36.279797,10.063624
5440,89.60629,62.790245,36.283066,10.064748
5450,89.60731,62.79346,36.28631,10.065864
5460,89.60849,62.796654,36.28952,10.066973
5470,89.60957,62.7998,36.292706,10.068069
5480,89.61069,62.802937,36.295856,10.069159
5490,89.6117,62.80605,36.29898,10.070236
5500,89.61274,62.809135,36.302082,10.071309
5510,89.613754,62.81218,36.30516,10.0723715
5520,89.61497,62.81523,36.308216,10.073426
5530,89.61584,62.81823,36.31124,10.074466
5540,89.61677,62.821224,36.31425,10.0755
5550,89.617775,62.82419,36.317223,10.076523
5560,89.61862,62.827118,36.320183,10.07754
5570,89.61971,62.83001,36.32311,10.078557
5580,89.62075,62.832897,36.326008,10.07956
5590,89.62154,62.835762,36.328873,10.080557
5600,89.622604,62.838577,36.331726,10.08155
5610,89.62354,62.841396,36.334545,10.082534
5620,89.6246,62.844193,36.337345,10.083506
5630,89.62526,62.846954,36.340122,10.084473
5640,89.62627,62.849674,36.342876,10.085425
5650,89.62699,62.852394,36.345604,10.086375
5660,89.62804,62.855095,36.348312,10.087317
5670,89.62876,62.857765,36.350983,10.088247
5680,89.62984,62.860428,36.35365,10.089172
5690,89.63042,62.86307,36.3563,10.090092
5700,89.631546,62.86567,36.358906,10.090999
5710,89.63226,62.86824,36.361496,10.091904
5720,89.6332,62.87083,36.36408,10.092796
5730,89.6342,62.87334,36.36664,10.093681
5740,89.63478,62.87587,36.36917,10.09456
5750,89.6359,62.878387,36.371685,10.095431
5760,89.63633,62.88085,36.374176,10.096292
5770,89.637314,62.88333,36.37666,10.097149
5780,89.63805,62.88578,36.379112,10.0980015
5790,89.638885,62.888203,36.38155,10.098842
5800,89.639946,62.89063,36.38396,10.099674
5810,89.64033,62.892998,36.38636,10.100498
5820,89.64138,62.895355,36.388744,10.101318
5830,89.64189,62.897705,36.3911,10.102134
5840,89.64278,62.900043,36.39343,10.102941
5850,89.64378,62.90236,36.39575,10.103744
5860,89.64417,62.904663,36.398052,10.104539
5870,89.644966,62.906944,36.40035,10.10533
5880,89.64572,62.90921,36.40262,10.10611
5890,89.646484,62.911465,36.404858,10.106882
5900,89.64737,62.913673,36.407093,10.10765
5910,89.647736,62.915874,36.4093,10.108409
5920,89.64875,62.918064,36.411488,10.109159
5930,89.64958,62.92023,36.413677,10.109912
5940,89.64985,62.92237,36.41584,10.110656
5950,89.65074,62.924484,36.41798,10.111401
5960,89.651215,62.92663,36.420097,10.112133
5970,89.65194,62.928677,36.422203,10.112857
5980,89.65278,62.930763,36.42429,10.113577
5990,89.65336,62.93285,36.426373,10.114291
6000,89.65396,62.934875,36.42842,10.114996
6010,89.6547,62.936916,36.430458,10.115697
6020,89.65503,62.93894,36.43249,10.116392
6030,89.65586,62.940914,36.4345,10.117083
6040,89.65677,62.942883,36.436497,10.117765
6050,89.657234,62.944874,36.438473,10.118442
6060,89.6578,62.946808,36.44043,10.119118
6070,89.65863,62.948746,36.442368,10.119784
6080,89.65917,62.950672,36.444283,10.120447
6090,89.65963,62.952583,36.44619,10.121107
6100,89.66035,62.954456,36.44808,10.121757
6110,89.66081,62.956326,36.449963,10.122403
